AA,Codon,Sr_optimal,Ce_optimal
A,GCA,16.7561762,8.78024853
A,GCC,17.7228786,43.0183126
A,GCG,0.107411386,2.79594506
A,GCT,65.4135338,45.4054938
C,TGC,24.4897959,73.6019737
C,TGT,75.5102041,26.3980263
D,GAC,23.5993209,49.3188011
D,GAT,76.4006791,50.6811989
E,GAA,85.4227405,39.3289842
E,GAG,14.5772595,60.6710158
F,TTC,52.184466,87.1638142
F,TTT,47.815534,12.8361858
G,GGA,63.4398496,82.2171882
G,GGC,2.16165414,4.96955968
G,GGG,0.751879699,1.52909529
G,GGT,33.6466165,11.2841569
H,CAC,41.7431193,66.1244696
H,CAT,58.2568807,33.8755304
I,ATA,10.1055807,1.08049703
I,ATC,25.7918552,67.0718531
I,ATT,64.1025641,31.8476499
K,AAA,73.0088496,15.153279
K,AAG,26.9911504,84.846721
L,CTA,0.995732575,1.21167615
L,CTC,8.53485064,37.9291353
L,CTG,0.426742532,4.92013953
L,CTT,58.7482219,37.6721131
L,TTA,17.4964438,0.899577749
L,TTG,13.7980085,17.3673582
M,ATG,100,100
N,AAC,33.6188437,75.4978063
N,AAT,66.3811563,24.5021937
P,CCA,87.7419355,89.8942156
P,CCC,1.41935484,2.04816565
P,CCG,0.387096774,4.32140446
P,CCT,10.4516129,3.73621427
Q,CAA,96.7821782,67.3219373
Q,CAG,3.21782178,32.6780627
R,AGA,39.5644283,24.1214058
R,AGG,1.81488203,1.14483493
R,CGA,1.81488203,4.47284345
R,CGC,5.26315789,24.8935037
R,CGG,0.181488203,1.03833866
R,CGT,51.3611615,44.3290735
S,AGC,4.27586207,10.1137488
S,AGT,11.862069,3.65974283
S,TCA,30.3448276,12.7843719
S,TCC,7.5862069,34.6191889
S,TCG,1.79310345,11.5232443
S,TCT,44.137931,27.2997033
T,ACA,34.8529412,11.0067114
T,ACC,17.5,53.4228188
T,ACG,1.02941176,4.24161074
T,ACT,46.6176471,31.3288591
V,GTA,18.5086551,4.71698113
V,GTC,15.5792277,45.1294427
V,GTG,0.798934754,12.3738482
V,GTT,65.1131824,37.779728
W,TGG,100,100
Y,TAC,38.5269122,77.9028133
Y,TAT,61.4730878,22.0971867
*,TAA,0,0
*,TAG,0,0
*,TGA,0,0
