AA,Codon,Sr_optimal,Ce_optimal
A,GCA,16.76,8.7802485
A,GCC,17.72,43.0183126
A,GCG,0.11,2.7959451
A,GCT,65.41,45.4054938
C,TGT,75.51,26.3980263
C,TGC,24.49,73.6019737
D,GAC,23.6,49.3188011
D,GAT,76.4,50.6811989
E,GAA,85.42,39.3289842
E,GAG,14.58,60.6710158
F,TTC,52.18,87.1638142
F,TTT,47.82,12.8361858
G,GGA,63.44,82.2171882
G,GGC,2.16,4.9695597
G,GGG,0.75,1.5290953
G,GGT,33.65,11.2841569
H,CAC,41.74,66.1244696
H,CAT,58.26,33.8755304
I,ATA,10.11,1.080497
I,ATC,25.79,67.0718531
I,ATT,64.1,31.8476499
K,AAA,73.01,15.153279
K,AAG,26.99,84.846721
L,CTA,1,1.2116762
L,CTC,8.53,37.9291353
L,CTG,0.43,4.9201395
L,CTT,58.75,37.6721131
L,TTA,17.5,0.8995777
L,TTG,13.8,17.3673582
M,ATG,100,100
N,AAC,33.62,75.4978063
N,AAT,66.38,24.5021937
P,CCA,87.74,89.8942156
P,CCC,1.42,2.0481657
P,CCG,0.39,4.3214045
P,CCT,10.45,3.7362143
Q,CAA,96.78,67.3219373
Q,CAG,3.22,32.6780627
R,AGA,39.56,24.1214058
R,CGA,1.81,4.4728435
R,AGG,1.81,1.1448349
R,CGC,5.26,24.8935037
R,CGG,0.18,1.0383387
R,CGT,51.36,44.3290735
S,AGC,4.28,10.1137488
S,TCA,30.34,12.7843719
S,TCC,7.59,34.6191889
S,AGT,11.86,3.6597428
S,TCG,1.79,11.5232443
S,TCT,44.14,27.2997033
T,ACA,34.85,11.0067114
T,ACC,17.5,53.4228188
T,ACG,1.03,4.2416107
T,ACT,46.62,31.3288591
V,GTA,18.51,4.7169811
V,GTC,15.58,45.1294427
V,GTG,0.8,12.3738482
V,GTT,65.11,37.779728
W,TGG,100,100
Y,TAC,38.53,77.9028133
Y,TAT,61.47,22.0971867
*,TAA,0,0
*,TAG,0,0
*,TGA,0,0